round_id,team_id,position,party
1,1,1,Re
1,2,2,Kontra
1,3,3,Kontra
1,4,4,Kontra
2,1,1,Kontra
2,2,2,Kontra
2,3,3,Kontra
2,4,4,Re
3,1,1,Re
3,2,2,Kontra
3,3,3,Re
3,4,4,Kontra
4,1,1,Re
4,2,2,Kontra
4,3,3,Kontra
4,4,4,Kontra
5,5,1,Re
5,6,2,Kontra
5,7,3,Kontra
5,8,4,Kontra
6,5,1,Kontra
6,6,2,Kontra
6,7,3,Re
6,8,4,Re
7,4,1,Re
7,9,2,Kontra
7,10,3,Re
7,11,4,Kontra
8,4,1,Kontra
8,9,2,Re
8,10,3,Kontra
8,11,4,Re
9,4,1,Re
9,9,2,Kontra
9,10,3,Kontra
9,11,4,Re
10,8,1,Kontra
10,12,2,Kontra
10,13,3,Re
10,4,4,Re
11,8,1,Re
11,12,2,Kontra
11,3,3,Re
11,4,4,Kontra
12,3,1,Kontra
12,14,2,Re
12,15,3,Re
12,16,4,Kontra
13,3,1,Kontra
13,14,2,Re
13,15,3,Re
13,16,4,Kontra
14,1,1,Kontra
14,2,2,Re
14,4,3,Re
14,17,4,Kontra
15,1,1,Kontra
15,2,2,Re
15,4,3,Kontra
15,17,4,Re
16,18,1,Re
16,4,2,Re
16,19,3,Kontra
16,5,4,Kontra
17,4,1,Re
17,5,2,Re
17,19,3,Kontra
17,18,4,Kontra
18,20,1,Kontra
18,14,2,Kontra
18,4,3,Re
18,11,4,Kontra
19,20,1,Kontra
19,14,2,Re
19,4,3,Kontra
19,11,4,Re
20,20,1,Kontra
20,14,2,Kontra
20,4,3,Re
20,11,4,Re
21,3,1,Re
21,21,2,Re
21,17,3,Kontra
21,22,4,Kontra
22,3,1,Kontra
22,21,2,Kontra
22,17,3,Kontra
22,22,4,Re
23,3,1,Re
23,21,2,Kontra
23,17,3,Kontra
23,22,4,Re
24,3,1,Re
24,21,2,Re
24,17,3,Kontra
24,22,4,Kontra
25,17,1,Re
25,23,2,Kontra
25,24,3,Kontra
25,21,4,Re
26,17,1,Re
26,2,2,Re
26,1,3,Kontra
26,21,4,Kontra
27,17,1,Kontra
27,2,2,Re
27,1,3,Re
27,21,4,Kontra
28,17,1,Kontra
28,2,2,Kontra
28,1,3,Kontra
28,21,4,Re
29,11,1,Kontra
29,2,2,Kontra
29,25,3,Re
29,26,4,Kontra
30,11,1,Kontra
30,2,2,Re
30,25,3,Kontra
30,26,4,Re
31,17,1,Re
31,21,2,Kontra
31,25,3,Re
31,26,4,Kontra
32,27,1,Re
32,28,2,Re
32,25,3,Kontra
32,20,4,Kontra
33,27,1,Re
33,28,2,Kontra
33,25,3,Re
33,20,4,Kontra
34,17,1,Re
34,21,2,Kontra
34,26,3,Kontra
34,4,4,Re
35,17,1,Kontra
35,21,2,Re
35,26,3,Kontra
35,4,4,Kontra
36,6,1,Kontra
36,28,2,Re
36,29,3,Re
36,23,4,Kontra
37,21,1,Re
37,17,2,Kontra
37,4,3,Re
37,23,4,Kontra
38,21,1,Re
38,17,2,Kontra
38,4,3,Re
38,23,4,Kontra
39,21,1,Kontra
39,17,2,Re
39,4,3,Kontra
39,23,4,Re
40,2,1,Kontra
40,4,2,Kontra
40,30,3,Re
40,1,4,Re
41,2,1,Re
41,4,2,Kontra
41,30,3,Kontra
41,1,4,Re
42,2,1,Kontra
42,4,2,Re
42,30,3,Re
42,1,4,Kontra
43,2,1,Kontra
43,4,2,Kontra
43,30,3,Re
43,1,4,Re
44,6,1,Kontra
44,1,2,Re
44,10,3,Re
44,31,4,Kontra
45,6,1,Kontra
45,1,2,Re
45,10,3,Kontra
45,31,4,Re
46,21,1,Kontra
46,4,2,Re
46,2,3,Re
46,1,4,Kontra
47,17,1,Re
47,14,2,Kontra
47,1,3,Kontra
47,21,4,Re
48,21,1,Re
48,1,2,Re
48,2,3,Kontra
48,4,4,Kontra
49,21,1,Kontra
49,1,2,Kontra
49,2,3,Re
49,4,4,Re
50,21,1,Re
50,1,2,Kontra
50,2,3,Re
50,4,4,Kontra
51,21,1,Re
51,1,2,Kontra
51,2,3,Kontra
51,4,4,Kontra
52,14,1,Re
52,1,2,Kontra
52,3,3,Re
52,2,4,Kontra
53,14,1,Kontra
53,32,2,Kontra
53,3,3,Re
53,2,4,Re
54,14,1,Re
54,1,2,Kontra
54,3,3,Re
54,2,4,Kontra
55,14,1,Kontra
55,1,2,Re
55,3,3,Re
55,2,4,Kontra
56,26,1,Re
56,2,2,Re
56,33,3,Kontra
56,1,4,Kontra
57,26,1,Re
57,2,2,Re
57,33,3,Kontra
57,1,4,Kontra
58,26,1,Re
58,2,2,Kontra
58,33,3,Kontra
58,1,4,Re
59,26,1,Kontra
59,2,2,Re
59,33,3,Kontra
59,1,4,Kontra
60,26,1,Kontra
60,34,2,Kontra
60,33,3,Re
60,1,4,Re
61,26,1,Kontra
61,34,2,Re
61,33,3,Re
61,1,4,Kontra
62,26,1,Re
62,34,2,Kontra
62,35,3,Re
62,1,4,Kontra
63,17,1,Kontra
63,21,2,Kontra
63,23,3,Re
63,26,4,Re
64,17,1,Kontra
64,21,2,Kontra
64,23,3,Kontra
64,26,4,Re
65,17,1,Kontra
65,21,2,Kontra
65,23,3,Re
65,26,4,Re
66,17,1,Kontra
66,21,2,Kontra
66,23,3,Re
66,26,4,Re
67,17,1,Kontra
67,21,2,Kontra
67,23,3,Re
67,26,4,Re
68,31,1,Re
68,20,2,Kontra
68,1,3,Kontra
68,2,4,Re
69,31,1,Kontra
69,20,2,Kontra
69,1,3,Re
69,2,4,Re
70,31,1,Re
70,20,2,Kontra
70,1,3,Kontra
70,2,4,Kontra
71,31,1,Kontra
71,20,2,Re
71,1,3,Re
71,2,4,Kontra
72,31,1,Re
72,20,2,Kontra
72,1,3,Re
72,2,4,Kontra
73,31,1,Kontra
73,1,2,Re
73,11,3,Kontra
73,3,4,Re
74,31,1,Re
74,1,2,Kontra
74,11,3,Re
74,3,4,Kontra
75,31,1,Re
75,1,2,Re
75,11,3,Kontra
75,3,4,Kontra
76,31,1,Re
76,1,2,Kontra
76,11,3,Re
76,3,4,Kontra
77,31,1,Kontra
77,1,2,Kontra
77,11,3,Re
77,3,4,Kontra
78,31,1,Re
78,1,2,Re
78,11,3,Kontra
78,3,4,Kontra
79,31,1,Re
79,1,2,Kontra
79,11,3,Kontra
79,3,4,Re
80,31,1,Kontra
80,1,2,Re
80,11,3,Re
80,3,4,Kontra
81,31,1,Re
81,1,2,Kontra
81,11,3,Kontra
81,3,4,Re
82,31,1,Re
82,1,2,Kontra
82,11,3,Re
82,3,4,Kontra
83,31,1,Kontra
83,1,2,Re
83,11,3,Re
83,3,4,Kontra
84,31,1,Re
84,1,2,Kontra
84,11,3,Re
84,3,4,Re
85,36,1,Re
85,4,2,Re
85,17,3,Kontra
85,14,4,Kontra
86,36,1,Re
86,4,2,Re
86,17,3,Kontra
86,14,4,Kontra
87,36,1,Re
87,17,2,Re
87,14,3,Kontra
87,4,4,Kontra
88,36,1,Re
88,4,2,Re
88,14,3,Kontra
88,17,4,Kontra
89,11,1,Kontra
89,1,2,Re
89,2,3,Kontra
89,4,4,Re
90,11,1,Kontra
90,1,2,Kontra
90,2,3,Re
90,4,4,Re
91,11,1,Kontra
91,1,2,Re
91,2,3,Re
91,4,4,Kontra
92,11,1,Kontra
92,1,2,Kontra
92,2,3,Kontra
92,4,4,Re
93,17,1,Re
93,1,2,Re
93,2,3,Kontra
93,4,4,Kontra
94,17,1,Re
94,1,2,Kontra
94,2,3,Re
94,4,4,Kontra
95,17,1,Kontra
95,1,2,Re
95,2,3,Kontra
95,4,4,Kontra
96,17,1,Kontra
96,1,2,Re
96,2,3,Kontra
96,4,4,Kontra
97,14,1,Re
97,3,2,Re
97,11,3,Kontra
97,1,4,Kontra
98,14,1,Kontra
98,3,2,Re
98,11,3,Kontra
98,1,4,Re
99,14,1,Re
99,3,2,Re
99,11,3,Kontra
99,1,4,Kontra
100,14,1,Re
100,3,2,Kontra
100,11,3,Re
100,1,4,Kontra
101,21,1,Re
101,26,2,Re
101,3,3,Kontra
101,14,4,Kontra
102,21,1,Kontra
102,1,2,Kontra
102,17,3,Re
102,26,4,Re
103,21,1,Kontra
103,1,2,Kontra
103,17,3,Re
103,26,4,Kontra
104,21,1,Re
104,17,2,Kontra
104,13,3,Kontra
104,37,4,Re
105,21,1,Re
105,17,2,Re
105,13,3,Kontra
105,37,4,Kontra
106,21,1,Re
106,17,2,Kontra
106,13,3,Kontra
106,37,4,Re
107,21,1,Kontra
107,38,2,Re
107,13,3,Re
107,1,4,Kontra
108,21,1,Kontra
108,38,2,Kontra
108,13,3,Re
108,1,4,Re
109,21,1,Kontra
109,38,2,Re
109,13,3,Kontra
109,1,4,Re
110,11,1,Re
110,38,2,Kontra
110,13,3,Re
110,32,4,Kontra
111,11,1,Re
111,39,2,Kontra
111,13,3,Kontra
111,32,4,Re
112,39,1,Kontra
112,11,2,Kontra
112,13,3,Re
112,32,4,Re
113,14,1,Re
113,26,2,Kontra
113,17,3,Kontra
113,1,4,Kontra
114,14,1,Kontra
114,26,2,Re
114,17,3,Re
114,1,4,Kontra
115,1,1,Kontra
115,21,2,Re
115,17,3,Kontra
115,2,4,Re
116,1,1,Kontra
116,21,2,Re
116,17,3,Re
116,2,4,Kontra
117,1,1,Re
117,21,2,Kontra
117,17,3,Kontra
117,2,4,Re
118,1,1,Kontra
118,21,2,Kontra
118,3,3,Kontra
118,5,4,Re
119,1,1,Kontra
119,21,2,Kontra
119,40,3,Re
119,5,4,Re
120,1,1,Re
120,21,2,Kontra
120,40,3,Re
120,5,4,Kontra
121,1,1,Kontra
121,21,2,Re
121,40,3,Kontra
121,5,4,Re
122,1,1,Re
122,21,2,Kontra
122,40,3,Kontra
122,5,4,Re
123,1,1,Re
123,11,2,Kontra
123,40,3,Re
123,5,4,Kontra
124,1,1,Kontra
124,11,2,Kontra
124,40,3,Re
124,5,4,Re
125,1,1,Kontra
125,11,2,Re
125,41,3,Kontra
125,5,4,Re
126,16,1,Kontra
126,23,2,Re
126,17,3,Re
126,3,4,Kontra
127,16,1,Re
127,23,2,Kontra
127,17,3,Kontra
127,3,4,Kontra
128,16,1,Kontra
128,23,2,Re
128,17,3,Kontra
128,13,4,Re
129,16,1,Re
129,23,2,Kontra
129,17,3,Kontra
129,13,4,Re
130,16,1,Kontra
130,23,2,Re
130,28,3,Kontra
130,13,4,Re
131,26,1,Re
131,42,2,Kontra
131,28,3,Kontra
131,43,4,Re
132,26,1,Kontra
132,42,2,Kontra
132,28,3,Re
132,43,4,Re
133,2,1,Kontra
133,14,2,Re
133,44,3,Re
133,1,4,Kontra
134,45,1,Re
134,5,2,Kontra
134,44,3,Re
134,1,4,Kontra
135,45,1,Re
135,5,2,Re
135,44,3,Kontra
135,1,4,Kontra
136,45,1,Re
136,5,2,Kontra
136,44,3,Kontra
136,1,4,Re
137,45,1,Re
137,5,2,Re
137,44,3,Kontra
137,32,4,Kontra
138,45,1,Re
138,5,2,Kontra
138,44,3,Kontra
138,32,4,Re
139,45,1,Kontra
139,5,2,Re
139,44,3,Kontra
139,32,4,Re
140,38,1,Kontra
140,5,2,Kontra
140,4,3,Re
140,32,4,Re
141,2,1,Kontra
141,11,2,Kontra
141,46,3,Re
141,25,4,Kontra
142,2,1,Kontra
142,11,2,Re
142,46,3,Re
142,25,4,Kontra
143,2,1,Kontra
143,11,2,Kontra
143,46,3,Re
143,25,4,Re
144,39,1,Kontra
144,11,2,Re
144,46,3,Kontra
144,25,4,Re
145,39,1,Kontra
145,11,2,Re
145,46,3,Kontra
145,25,4,Re
146,39,1,Kontra
146,11,2,Re
146,46,3,Kontra
146,25,4,Kontra
147,39,1,Re
147,11,2,Kontra
147,46,3,Kontra
147,25,4,Re
148,23,1,Re
148,47,2,Kontra
148,48,3,Re
148,21,4,Kontra
149,23,1,Re
149,47,2,Kontra
149,48,3,Kontra
149,21,4,Re
150,23,1,Kontra
150,47,2,Kontra
150,48,3,Kontra
150,21,4,Re
151,49,1,Re
151,11,2,Re
151,23,3,Kontra
151,50,4,Kontra
152,23,1,Re
152,50,2,Re
152,3,3,Kontra
152,4,4,Kontra
153,2,1,Kontra
153,1,2,Kontra
153,21,3,Re
153,17,4,Re
154,2,1,Kontra
154,1,2,Kontra
154,21,3,Re
154,17,4,Re
155,2,1,Kontra
155,1,2,Re
155,21,3,Re
155,17,4,Kontra
156,17,1,Kontra
156,2,2,Re
156,1,3,Kontra
156,21,4,Re
157,27,1,Re
157,51,2,Kontra
157,3,3,Re
157,52,4,Kontra
158,22,1,Kontra
158,1,2,Kontra
158,3,3,Re
158,26,4,Re
159,4,1,Re
159,1,2,Re
159,2,3,Kontra
159,26,4,Kontra
160,4,1,Re
160,1,2,Kontra
160,2,3,Kontra
160,26,4,Re
161,4,1,Kontra
161,1,2,Re
161,2,3,Re
161,26,4,Kontra
162,4,1,Re
162,1,2,Kontra
162,2,3,Kontra
162,26,4,Re
163,4,1,Re
163,1,2,Kontra
163,2,3,Re
163,26,4,Kontra
164,4,1,Re
164,1,2,Kontra
164,2,3,Kontra
164,26,4,Re
165,12,1,Re
165,53,2,Re
165,20,3,Kontra
165,17,4,Kontra
166,53,1,Re
166,33,2,Re
166,12,3,Kontra
166,17,4,Kontra
167,2,1,Re
167,1,2,Re
167,14,3,Kontra
167,3,4,Kontra
168,2,1,Re
168,1,2,Kontra
168,14,3,Kontra
168,3,4,Re
169,2,1,Kontra
169,1,2,Re
169,11,3,Re
169,4,4,Kontra
170,2,1,Re
170,1,2,Re
170,11,3,Kontra
170,4,4,Kontra
171,2,1,Kontra
171,1,2,Re
171,11,3,Kontra
171,4,4,Kontra
172,22,1,Re
172,13,2,Kontra
172,32,3,Re
172,54,4,Kontra
173,22,1,Re
173,13,2,Re
173,32,3,Kontra
173,54,4,Kontra
174,21,1,Kontra
174,17,2,Kontra
174,4,3,Re
174,2,4,Re
175,55,1,Kontra
175,51,2,Re
175,20,3,Re
175,27,4,Kontra
176,55,1,Kontra
176,51,2,Re
176,20,3,Kontra
176,21,4,Re
177,2,1,Kontra
177,14,2,Kontra
177,56,3,Re
177,17,4,Re
178,2,1,Kontra
178,14,2,Re
178,56,3,Kontra
178,17,4,Re
179,4,1,Kontra
179,1,2,Re
179,2,3,Kontra
179,3,4,Re
180,4,1,Re
180,1,2,Kontra
180,2,3,Kontra
180,3,4,Re
181,4,1,Re
181,1,2,Re
181,2,3,Kontra
181,3,4,Kontra
182,4,1,Re
182,1,2,Kontra
182,2,3,Kontra
182,3,4,Re
183,3,1,Kontra
183,21,2,Kontra
183,17,3,Kontra
183,2,4,Re
184,3,1,Kontra
184,21,2,Re
184,17,3,Kontra
184,2,4,Re
185,26,1,Kontra
185,28,2,Kontra
185,57,3,Re
185,56,4,Re
186,26,1,Re
186,28,2,Re
186,57,3,Kontra
186,56,4,Kontra
187,26,1,Kontra
187,28,2,Re
187,57,3,Re
187,56,4,Kontra
188,26,1,Kontra
188,4,2,Re
188,57,3,Re
188,1,4,Kontra
189,26,1,Re
189,4,2,Kontra
189,57,3,Kontra
189,1,4,Re
190,17,1,Kontra
190,21,2,Kontra
190,51,3,Kontra
190,3,4,Re
191,17,1,Re
191,21,2,Kontra
191,51,3,Kontra
191,3,4,Re
192,17,1,Re
192,21,2,Re
192,51,3,Kontra
192,3,4,Kontra
193,17,1,Kontra
193,4,2,Re
193,1,3,Re
193,3,4,Kontra
194,3,1,Kontra
194,56,2,Re
194,55,3,Re
194,26,4,Kontra
195,3,1,Re
195,56,2,Kontra
195,55,3,Kontra
195,26,4,Kontra
196,2,1,Kontra
196,17,2,Re
196,3,3,Kontra
196,1,4,Re
197,2,1,Kontra
197,17,2,Re
197,3,3,Re
197,1,4,Kontra
198,2,1,Kontra
198,17,2,Re
198,3,3,Kontra
198,1,4,Re
199,2,1,Kontra
199,17,2,Re
199,3,3,Re
199,1,4,Kontra
200,2,1,Re
200,17,2,Kontra
200,1,3,Kontra
200,4,4,Re
201,2,1,Kontra
201,17,2,Re
201,1,3,Kontra
201,4,4,Re
202,2,1,Re
202,17,2,Kontra
202,1,3,Kontra
202,4,4,Re
203,2,1,Kontra
203,17,2,Re
203,1,3,Re
203,4,4,Kontra
204,2,1,Kontra
204,17,2,Re
204,1,3,Re
204,4,4,Kontra
205,2,1,Re
205,17,2,Kontra
205,1,3,Re
205,4,4,Kontra
206,2,1,Kontra
206,17,2,Re
206,1,3,Kontra
206,4,4,Re
207,12,1,Kontra
207,3,2,Kontra
207,4,3,Kontra
207,8,4,Re
208,2,1,Kontra
208,3,2,Re
208,4,3,Kontra
208,8,4,Re
209,2,1,Re
209,3,2,Kontra
209,4,3,Kontra
209,8,4,Kontra
210,2,1,Kontra
210,3,2,Re
210,4,3,Kontra
210,8,4,Re
211,10,1,Kontra
211,40,2,Kontra
211,17,3,Re
211,1,4,Re
212,10,1,Kontra
212,40,2,Re
212,17,3,Kontra
212,1,4,Kontra
213,10,1,Kontra
213,40,2,Re
213,17,3,Kontra
213,1,4,Kontra
214,10,1,Re
214,40,2,Kontra
214,17,3,Re
214,1,4,Kontra
215,17,1,Re
215,21,2,Kontra
215,1,3,Kontra
215,2,4,Re
216,17,1,Kontra
216,16,2,Re
216,1,3,Kontra
216,2,4,Re
217,17,1,Re
217,16,2,Kontra
217,1,3,Re
217,2,4,Kontra
218,17,1,Kontra
218,16,2,Re
218,1,3,Kontra
218,5,4,Re
219,25,1,Re
219,10,2,Re
219,21,3,Kontra
219,48,4,Kontra
220,25,1,Re
220,10,2,Re
220,21,3,Kontra
220,48,4,Kontra
221,25,1,Kontra
221,10,2,Kontra
221,21,3,Re
221,48,4,Kontra
222,25,1,Re
222,10,2,Re
222,21,3,Kontra
222,48,4,Kontra
223,3,1,Re
223,2,2,Kontra
223,17,3,Kontra
223,14,4,Kontra
224,3,1,Kontra
224,2,2,Re
224,17,3,Kontra
224,14,4,Re
225,2,1,Kontra
225,17,2,Kontra
225,14,3,Re
225,3,4,Re
226,2,1,Kontra
226,17,2,Kontra
226,14,3,Kontra
226,3,4,Re
227,17,1,Kontra
227,25,2,Re
227,40,3,Re
227,21,4,Kontra
228,17,1,Kontra
228,25,2,Kontra
228,40,3,Re
228,21,4,Re
229,17,1,Re
229,25,2,Kontra
229,40,3,Re
229,21,4,Kontra
230,4,1,Re
230,14,2,Kontra
230,32,3,Kontra
230,34,4,Re
231,4,1,Kontra
231,14,2,Kontra
231,32,3,Re
231,34,4,Kontra
232,4,1,Re
232,14,2,Kontra
232,32,3,Re
232,34,4,Kontra
233,1,1,Kontra
233,22,2,Re
233,21,3,Re
233,3,4,Kontra
234,1,1,Kontra
234,22,2,Re
234,21,3,Kontra
234,3,4,Re
235,2,1,Re
235,4,2,Re
235,11,3,Kontra
235,1,4,Kontra
236,2,1,Kontra
236,4,2,Kontra
236,11,3,Re
236,1,4,Re
237,2,1,Kontra
237,4,2,Kontra
237,11,3,Re
237,1,4,Re
238,2,1,Kontra
238,4,2,Kontra
238,11,3,Kontra
238,1,4,Re
239,2,1,Kontra
239,4,2,Re
239,11,3,Kontra
239,1,4,Re
240,2,1,Kontra
240,4,2,Kontra
240,11,3,Re
240,1,4,Re
241,2,1,Re
241,4,2,Re
241,11,3,Kontra
241,1,4,Kontra
242,2,1,Re
242,4,2,Kontra
242,11,3,Kontra
242,1,4,Re
243,55,1,Kontra
243,21,2,Kontra
243,3,3,Re
243,26,4,Re
244,55,1,Kontra
244,21,2,Kontra
244,3,3,Kontra
244,26,4,Re
245,55,1,Kontra
245,21,2,Re
245,3,3,Kontra
245,26,4,Kontra
246,55,1,Re
246,21,2,Kontra
246,3,3,Kontra
246,26,4,Re
247,14,1,Re
247,21,2,Kontra
247,3,3,Kontra
247,26,4,Re
248,21,1,Re
248,1,2,Kontra
248,17,3,Re
248,4,4,Kontra
249,21,1,Kontra
249,1,2,Re
249,17,3,Kontra
249,4,4,Re
250,21,1,Re
250,1,2,Re
250,17,3,Kontra
250,4,4,Kontra
251,21,1,Re
251,1,2,Kontra
251,17,3,Re
251,4,4,Kontra
252,21,1,Re
252,1,2,Re
252,17,3,Kontra
252,4,4,Kontra
253,55,1,Kontra
253,23,2,Kontra
253,19,3,Re
253,49,4,Kontra
254,55,1,Re
254,23,2,Kontra
254,19,3,Re
254,49,4,Kontra
255,55,1,Kontra
255,23,2,Kontra
255,19,3,Kontra
255,49,4,Re
256,55,1,Re
256,23,2,Kontra
256,19,3,Re
256,49,4,Kontra
257,21,1,Re
257,4,2,Re
257,17,3,Kontra
257,3,4,Kontra
258,48,1,Re
258,25,2,Kontra
258,21,3,Kontra
258,58,4,Re
259,48,1,Re
259,25,2,Kontra
259,16,3,Kontra
259,58,4,Kontra
260,48,1,Re
260,25,2,Kontra
260,16,3,Kontra
260,58,4,Re
261,48,1,Kontra
261,25,2,Re
261,16,3,Re
261,58,4,Kontra
262,48,1,Kontra
262,25,2,Re
262,16,3,Kontra
262,4,4,Kontra
263,17,1,Kontra
263,1,2,Re
263,3,3,Kontra
263,4,4,Re
264,8,1,Re
264,21,2,Re
264,2,3,Kontra
264,3,4,Kontra
265,8,1,Re
265,21,2,Kontra
265,2,3,Re
265,3,4,Kontra
266,8,1,Kontra
266,21,2,Re
266,2,3,Kontra
266,3,4,Re
267,8,1,Kontra
267,21,2,Kontra
267,2,3,Re
267,3,4,Re
268,1,1,Re
268,2,2,Kontra
268,20,3,Kontra
268,11,4,Kontra
269,1,1,Kontra
269,2,2,Re
269,20,3,Re
269,11,4,Kontra
270,1,1,Kontra
270,2,2,Re
270,20,3,Kontra
270,11,4,Re
271,26,1,Kontra
271,25,2,Re
271,59,3,Re
271,3,4,Kontra
272,26,1,Kontra
272,1,2,Kontra
272,33,3,Re
272,3,4,Re
273,32,1,Re
273,22,2,Kontra
273,33,3,Kontra
273,3,4,Re
274,26,1,Re
274,1,2,Kontra
274,22,3,Kontra
274,3,4,Re
275,26,1,Re
275,1,2,Re
275,22,3,Kontra
275,3,4,Kontra
276,26,1,Re
276,1,2,Kontra
276,22,3,Re
276,3,4,Kontra
277,60,1,Re
277,40,2,Kontra
277,17,3,Kontra
277,1,4,Re
278,60,1,Kontra
278,3,2,Kontra
278,32,3,Re
278,11,4,Re
279,60,1,Kontra
279,3,2,Kontra
279,32,3,Kontra
279,11,4,Re
280,11,1,Re
280,2,2,Kontra
280,3,3,Kontra
280,32,4,Re
281,11,1,Kontra
281,2,2,Kontra
281,3,3,Kontra
281,32,4,Re
282,11,1,Re
282,2,2,Kontra
282,3,3,Kontra
282,32,4,Re
283,11,1,Kontra
283,2,2,Kontra
283,3,3,Re
283,32,4,Kontra
284,2,1,Kontra
284,3,2,Kontra
284,11,3,Re
284,25,4,Re
285,12,1,Re
285,3,2,Re
285,11,3,Kontra
285,25,4,Kontra
286,12,1,Re
286,3,2,Kontra
286,11,3,Kontra
286,25,4,Re
287,25,1,Kontra
287,12,2,Re
287,3,3,Kontra
287,21,4,Kontra
288,25,1,Kontra
288,12,2,Re
288,3,3,Kontra
288,21,4,Re
289,49,1,Re
289,1,2,Re
289,2,3,Kontra
289,11,4,Kontra
290,49,1,Re
290,1,2,Kontra
290,2,3,Re
290,11,4,Kontra
291,49,1,Kontra
291,1,2,Kontra
291,2,3,Re
291,11,4,Re
292,49,1,Kontra
292,1,2,Re
292,2,3,Kontra
292,11,4,Re
293,49,1,Kontra
293,1,2,Re
293,2,3,Re
293,11,4,Kontra
294,21,1,Kontra
294,23,2,Kontra
294,17,3,Re
294,3,4,Kontra
295,21,1,Re
295,23,2,Kontra
295,17,3,Re
295,3,4,Kontra
296,21,1,Re
296,23,2,Kontra
296,17,3,Re
296,3,4,Kontra
297,21,1,Re
297,23,2,Kontra
297,17,3,Re
297,3,4,Kontra
298,51,1,Re
298,55,2,Kontra
298,57,3,Kontra
298,26,4,Re
299,51,1,Kontra
299,55,2,Kontra
299,57,3,Re
299,26,4,Re
300,51,1,Kontra
300,55,2,Re
300,57,3,Kontra
300,26,4,Re
301,51,1,Kontra
301,55,2,Re
301,57,3,Re
301,26,4,Kontra
302,51,1,Re
302,55,2,Re
302,57,3,Kontra
302,26,4,Kontra
303,3,1,Re
303,26,2,Re
303,17,3,Kontra
303,42,4,Kontra
304,3,1,Kontra
304,32,2,Kontra
304,17,3,Kontra
304,42,4,Re
305,3,1,Kontra
305,32,2,Re
305,17,3,Re
305,42,4,Kontra
306,3,1,Kontra
306,32,2,Kontra
306,17,3,Re
306,42,4,Re
307,3,1,Kontra
307,32,2,Re
307,17,3,Re
307,42,4,Kontra
308,3,1,Kontra
308,1,2,Re
308,34,3,Re
308,35,4,Kontra
309,3,1,Re
309,1,2,Kontra
309,34,3,Kontra
309,35,4,Re
310,3,1,Re
310,1,2,Re
310,34,3,Kontra
310,35,4,Kontra
311,3,1,Re
311,1,2,Kontra
311,34,3,Re
311,35,4,Kontra
312,3,1,Kontra
312,1,2,Re
312,34,3,Re
312,35,4,Kontra
313,3,1,Kontra
313,1,2,Re
313,34,3,Re
313,35,4,Kontra
314,33,1,Kontra
314,3,2,Kontra
314,1,3,Re
314,11,4,Re
315,33,1,Re
315,3,2,Re
315,1,3,Kontra
315,11,4,Kontra
316,33,1,Kontra
316,3,2,Kontra
316,1,3,Re
316,11,4,Kontra
317,33,1,Kontra
317,3,2,Re
317,1,3,Kontra
317,11,4,Re
318,4,1,Re
318,3,2,Kontra
318,1,3,Re
318,2,4,Kontra
319,4,1,Kontra
319,3,2,Re
319,1,3,Re
319,2,4,Kontra
320,4,1,Kontra
320,3,2,Kontra
320,1,3,Re
320,2,4,Re
321,4,1,Re
321,3,2,Kontra
321,1,3,Kontra
321,2,4,Re
322,33,1,Re
322,3,2,Kontra
322,1,3,Kontra
322,14,4,Re
323,28,1,Re
323,26,2,Kontra
323,2,3,Kontra
323,21,4,Re
324,33,1,Kontra
324,3,2,Kontra
324,1,3,Re
324,14,4,Kontra
325,28,1,Kontra
325,26,2,Kontra
325,2,3,Kontra
325,21,4,Re
326,33,1,Kontra
326,3,2,Re
326,1,3,Kontra
326,14,4,Re
327,28,1,Kontra
327,26,2,Kontra
327,2,3,Re
327,21,4,Kontra
328,33,1,Kontra
328,3,2,Kontra
328,1,3,Re
328,14,4,Re
329,1,1,Re
329,4,2,Kontra
329,2,3,Re
329,3,4,Kontra
330,25,1,Kontra
330,4,2,Re
330,2,3,Kontra
330,3,4,Re
331,1,1,Re
331,4,2,Kontra
331,2,3,Kontra
331,3,4,Re
332,1,1,Kontra
332,4,2,Kontra
332,2,3,Re
332,3,4,Re
333,25,1,Re
333,4,2,Kontra
333,2,3,Kontra
333,3,4,Re
334,25,1,Kontra
334,4,2,Re
334,2,3,Kontra
334,3,4,Kontra
335,25,1,Kontra
335,4,2,Re
335,2,3,Kontra
335,3,4,Re
336,25,1,Kontra
336,4,2,Re
336,2,3,Re
336,3,4,Kontra
337,1,1,Kontra
337,57,2,Re
337,42,3,Kontra
337,52,4,Re
338,22,1,Kontra
338,8,2,Kontra
338,13,3,Re
338,19,4,Re
339,22,1,Re
339,8,2,Kontra
339,13,3,Kontra
339,19,4,Re
340,22,1,Re
340,8,2,Kontra
340,13,3,Kontra
340,19,4,Kontra
341,22,1,Kontra
341,8,2,Kontra
341,13,3,Re
341,19,4,Re
342,22,1,Re
342,8,2,Kontra
342,14,3,Re
342,19,4,Kontra
343,31,1,Re
343,3,2,Kontra
343,11,3,Re
343,2,4,Kontra
344,31,1,Re
344,3,2,Re
344,11,3,Kontra
344,2,4,Kontra
345,4,1,Kontra
345,3,2,Re
345,11,3,Re
345,10,4,Kontra
346,4,1,Re
346,3,2,Kontra
346,11,3,Kontra
346,33,4,Re
347,3,1,Kontra
347,33,2,Kontra
347,23,3,Re
347,11,4,Re
348,3,1,Kontra
348,33,2,Re
348,23,3,Re
348,11,4,Kontra
349,3,1,Kontra
349,33,2,Re
349,23,3,Re
349,11,4,Kontra
350,3,1,Re
350,33,2,Kontra
350,23,3,Kontra
350,11,4,Re
351,3,1,Re
351,50,2,Kontra
351,23,3,Re
351,11,4,Kontra
352,3,1,Re
352,50,2,Kontra
352,23,3,Re
352,11,4,Kontra
353,3,1,Re
353,50,2,Re
353,23,3,Kontra
353,17,4,Kontra
354,17,1,Kontra
354,21,2,Kontra
354,3,3,Re
354,4,4,Re
355,17,1,Kontra
355,21,2,Re
355,3,3,Kontra
355,4,4,Re
356,34,1,Re
356,21,2,Kontra
356,3,3,Re
356,4,4,Kontra
357,34,1,Kontra
357,61,2,Kontra
357,3,3,Re
357,4,4,Re
358,3,1,Kontra
358,17,2,Re
358,1,3,Kontra
358,21,4,Re
359,3,1,Kontra
359,17,2,Re
359,1,3,Kontra
359,21,4,Re
360,3,1,Re
360,17,2,Kontra
360,1,3,Re
360,21,4,Kontra
361,22,1,Re
361,1,2,Kontra
361,40,3,Kontra
361,11,4,Kontra
362,22,1,Re
362,1,2,Kontra
362,40,3,Re
362,11,4,Kontra
363,22,1,Kontra
363,1,2,Kontra
363,40,3,Re
363,11,4,Re
364,22,1,Kontra
364,1,2,Re
364,40,3,Kontra
364,11,4,Kontra
365,22,1,Re
365,26,2,Kontra
365,3,3,Kontra
365,11,4,Kontra
366,62,1,Re
366,5,2,Kontra
366,56,3,Re
366,11,4,Kontra
367,62,1,Kontra
367,5,2,Kontra
367,56,3,Kontra
367,11,4,Re
368,26,1,Re
368,5,2,Re
368,56,3,Kontra
368,21,4,Kontra
369,4,1,Re
369,3,2,Kontra
369,17,3,Kontra
369,21,4,Re
370,4,1,Re
370,3,2,Kontra
370,17,3,Kontra
370,21,4,Kontra
371,4,1,Kontra
371,3,2,Re
371,17,3,Kontra
371,21,4,Re
372,4,1,Kontra
372,3,2,Kontra
372,2,3,Re
372,1,4,Re
373,4,1,Re
373,3,2,Kontra
373,2,3,Re
373,1,4,Re
374,4,1,Re
374,3,2,Kontra
374,2,3,Re
374,1,4,Kontra
375,4,1,Re
375,3,2,Re
375,2,3,Kontra
375,1,4,Kontra
376,1,1,Re
376,2,2,Kontra
376,3,3,Kontra
376,4,4,Re
377,1,1,Kontra
377,2,2,Kontra
377,3,3,Re
377,4,4,Re
378,4,1,Re
378,2,2,Kontra
378,1,3,Re
378,26,4,Kontra
379,4,1,Kontra
379,2,2,Kontra
379,1,3,Kontra
379,26,4,Re
380,4,1,Kontra
380,2,2,Kontra
380,1,3,Re
380,26,4,Re
381,1,1,Kontra
381,14,2,Re
381,4,3,Kontra
381,26,4,Re
382,1,1,Re
382,14,2,Kontra
382,4,3,Kontra
382,26,4,Re
383,1,1,Kontra
383,14,2,Re
383,4,3,Kontra
383,26,4,Re
384,1,1,Kontra
384,14,2,Kontra
384,4,3,Re
384,26,4,Re
385,33,1,Kontra
385,22,2,Re
385,1,3,Kontra
385,11,4,Re
386,33,1,Kontra
386,22,2,Re
386,1,3,Kontra
386,11,4,Re
387,33,1,Re
387,22,2,Kontra
387,1,3,Kontra
387,11,4,Re
388,33,1,Kontra
388,22,2,Kontra
388,1,3,Re
388,11,4,Re
389,33,1,Kontra
389,22,2,Re
389,1,3,Re
389,11,4,Kontra
390,33,1,Kontra
390,22,2,Re
390,1,3,Re
390,11,4,Kontra
391,22,1,Kontra
391,3,2,Kontra
391,1,3,Re
391,14,4,Re
392,22,1,Re
392,3,2,Kontra
392,1,3,Kontra
392,14,4,Re
393,22,1,Kontra
393,3,2,Re
393,1,3,Kontra
393,14,4,Re
394,22,1,Re
394,3,2,Kontra
394,1,3,Re
394,14,4,Kontra
395,22,1,Kontra
395,3,2,Re
395,1,3,Kontra
395,14,4,Re
396,3,1,Kontra
396,32,2,Kontra
396,33,3,Re
396,2,4,Re
397,26,1,Kontra
397,1,2,Re
397,33,3,Kontra
397,2,4,Re
398,47,1,Re
398,1,2,Kontra
398,33,3,Kontra
398,34,4,Re
399,47,1,Kontra
399,1,2,Kontra
399,33,3,Kontra
399,34,4,Re
400,47,1,Re
400,1,2,Re
400,33,3,Kontra
400,34,4,Kontra
401,20,1,Re
401,14,2,Re
401,1,3,Kontra
401,2,4,Kontra
402,20,1,Re
402,14,2,Kontra
402,1,3,Kontra
402,2,4,Re
403,20,1,Re
403,14,2,Kontra
403,1,3,Re
403,2,4,Kontra
404,20,1,Re
404,14,2,Re
404,1,3,Kontra
404,2,4,Kontra
405,20,1,Re
405,14,2,Re
405,1,3,Kontra
405,2,4,Kontra
406,1,1,Kontra
406,3,2,Re
406,52,3,Kontra
406,2,4,Re
407,1,1,Kontra
407,3,2,Kontra
407,52,3,Kontra
407,2,4,Re
408,1,1,Re
408,6,2,Kontra
408,17,3,Kontra
408,2,4,Re
409,1,1,Kontra
409,6,2,Kontra
409,17,3,Re
409,2,4,Re
410,1,1,Kontra
410,6,2,Re
410,17,3,Kontra
410,2,4,Re
411,5,1,Kontra
411,28,2,Re
411,20,3,Kontra
411,32,4,Re
412,5,1,Re
412,28,2,Kontra
412,20,3,Re
412,32,4,Kontra
413,5,1,Re
413,28,2,Kontra
413,20,3,Kontra
413,32,4,Kontra
414,5,1,Re
414,28,2,Re
414,20,3,Kontra
414,32,4,Kontra
415,5,1,Re
415,28,2,Kontra
415,20,3,Kontra
415,1,4,Kontra
416,5,1,Re
416,28,2,Re
416,20,3,Kontra
416,1,4,Kontra
417,2,1,Re
417,3,2,Re
417,33,3,Kontra
417,1,4,Kontra
418,2,1,Re
418,3,2,Re
418,33,3,Kontra
418,1,4,Kontra
419,2,1,Re
419,3,2,Kontra
419,33,3,Kontra
419,1,4,Re
420,34,1,Re
420,3,2,Kontra
420,33,3,Kontra
420,1,4,Re
421,2,1,Kontra
421,3,2,Re
421,33,3,Kontra
421,1,4,Kontra
422,34,1,Re
422,21,2,Kontra
422,33,3,Re
422,1,4,Kontra
423,17,1,Re
423,21,2,Re
423,33,3,Kontra
423,2,4,Kontra
424,17,1,Kontra
424,21,2,Kontra
424,33,3,Kontra
424,2,4,Re
425,4,1,Re
425,1,2,Kontra
425,2,3,Re
425,3,4,Kontra
426,33,1,Kontra
426,3,2,Re
426,23,3,Re
426,46,4,Kontra
427,33,1,Re
427,3,2,Re
427,23,3,Kontra
427,46,4,Kontra
428,33,1,Re
428,3,2,Kontra
428,23,3,Re
428,46,4,Kontra
429,33,1,Re
429,3,2,Re
429,23,3,Kontra
429,46,4,Kontra
430,33,1,Kontra
430,3,2,Kontra
430,23,3,Re
430,46,4,Re
431,3,1,Kontra
431,32,2,Re
431,2,3,Kontra
431,4,4,Re
432,3,1,Re
432,32,2,Kontra
432,2,3,Re
432,4,4,Kontra
433,3,1,Re
433,32,2,Kontra
433,2,3,Re
433,4,4,Kontra
434,2,1,Re
434,26,2,Re
434,17,3,Kontra
434,1,4,Kontra
435,2,1,Kontra
435,26,2,Re
435,17,3,Re
435,1,4,Kontra
436,23,1,Re
436,19,2,Re
436,3,3,Kontra
436,11,4,Kontra
437,23,1,Kontra
437,3,2,Kontra
437,17,3,Kontra
437,21,4,Re
438,23,1,Kontra
438,3,2,Re
438,17,3,Re
438,21,4,Kontra
439,23,1,Kontra
439,3,2,Kontra
439,17,3,Re
439,21,4,Re
440,1,1,Kontra
440,3,2,Kontra
440,2,3,Re
440,21,4,Kontra
441,1,1,Kontra
441,3,2,Re
441,2,3,Re
441,21,4,Kontra
442,2,1,Kontra
442,20,2,Kontra
442,1,3,Kontra
442,4,4,Re
443,2,1,Kontra
443,20,2,Re
443,1,3,Kontra
443,4,4,Re
444,2,1,Kontra
444,20,2,Re
444,1,3,Kontra
444,4,4,Re
445,2,1,Re
445,20,2,Kontra
445,1,3,Re
445,4,4,Kontra
446,22,1,Kontra
446,20,2,Kontra
446,25,3,Re
446,26,4,Re
447,22,1,Kontra
447,20,2,Kontra
447,25,3,Kontra
447,26,4,Re
448,22,1,Re
448,20,2,Kontra
448,1,3,Re
448,26,4,Kontra
449,50,1,Kontra
449,2,2,Kontra
449,3,3,Kontra
449,1,4,Re
450,50,1,Kontra
450,2,2,Re
450,3,3,Re
450,1,4,Kontra
451,50,1,Re
451,2,2,Kontra
451,3,3,Kontra
451,1,4,Re
452,50,1,Kontra
452,2,2,Re
452,3,3,Kontra
452,1,4,Re
453,50,1,Kontra
453,2,2,Re
453,3,3,Re
453,1,4,Kontra
454,50,1,Re
454,2,2,Kontra
454,3,3,Kontra
454,1,4,Kontra
455,50,1,Kontra
455,2,2,Re
455,3,3,Re
455,1,4,Kontra
456,2,1,Kontra
456,63,2,Re
456,13,3,Re
456,1,4,Kontra
457,2,1,Re
457,63,2,Kontra
457,13,3,Kontra
457,1,4,Re
458,2,1,Re
458,24,2,Kontra
458,26,3,Re
458,1,4,Kontra
459,2,1,Kontra
459,24,2,Re
459,26,3,Re
459,1,4,Kontra
460,2,1,Re
460,24,2,Kontra
460,26,3,Kontra
460,1,4,Re
461,2,1,Kontra
461,24,2,Re
461,26,3,Kontra
461,1,4,Kontra
462,2,1,Re
462,24,2,Kontra
462,26,3,Kontra
462,1,4,Re
463,25,1,Kontra
463,24,2,Kontra
463,26,3,Re
463,2,4,Re
464,25,1,Kontra
464,24,2,Kontra
464,26,3,Re
464,2,4,Re
465,24,1,Kontra
465,25,2,Re
465,26,3,Kontra
465,2,4,Re
466,21,1,Kontra
466,1,2,Kontra
466,46,3,Re
466,2,4,Kontra
467,21,1,Kontra
467,1,2,Kontra
467,46,3,Re
467,2,4,Kontra
468,21,1,Re
468,1,2,Kontra
468,46,3,Kontra
468,10,4,Re
469,21,1,Kontra
469,1,2,Re
469,46,3,Kontra
469,10,4,Re
470,17,1,Kontra
470,1,2,Re
470,26,3,Re
470,44,4,Kontra
471,17,1,Re
471,1,2,Kontra
471,26,3,Re
471,44,4,Kontra
472,17,1,Re
472,1,2,Kontra
472,26,3,Re
472,44,4,Kontra
473,17,1,Re
473,1,2,Re
473,26,3,Kontra
473,44,4,Kontra
474,17,1,Re
474,1,2,Kontra
474,26,3,Kontra
474,44,4,Re
475,17,1,Kontra
475,1,2,Re
475,26,3,Re
475,44,4,Kontra
476,17,1,Kontra
476,1,2,Kontra
476,26,3,Re
476,44,4,Re
477,17,1,Re
477,1,2,Kontra
477,26,3,Kontra
477,44,4,Re
478,17,1,Kontra
478,1,2,Re
478,26,3,Re
478,44,4,Kontra
479,17,1,Re
479,1,2,Re
479,26,3,Kontra
479,44,4,Kontra
480,26,1,Re
480,44,2,Kontra
480,17,3,Re
480,1,4,Kontra
481,44,1,Kontra
481,17,2,Re
481,1,3,Kontra
481,26,4,Re
482,44,1,Kontra
482,17,2,Re
482,1,3,Kontra
482,26,4,Re
483,52,1,Re
483,20,2,Kontra
483,64,3,Kontra
483,23,4,Re
484,52,1,Re
484,20,2,Kontra
484,64,3,Re
484,23,4,Kontra
485,52,1,Kontra
485,20,2,Re
485,14,3,Kontra
485,23,4,Re
486,52,1,Re
486,20,2,Kontra
486,14,3,Re
486,23,4,Kontra
487,1,1,Re
487,2,2,Kontra
487,19,3,Re
487,14,4,Kontra
488,1,1,Kontra
488,2,2,Kontra
488,19,3,Re
488,14,4,Re
489,1,1,Kontra
489,2,2,Kontra
489,19,3,Re
489,14,4,Re
490,1,1,Re
490,2,2,Kontra
490,19,3,Re
490,14,4,Kontra
491,3,1,Re
491,11,2,Re
491,1,3,Kontra
491,2,4,Kontra
492,3,1,Kontra
492,11,2,Kontra
492,1,3,Kontra
492,2,4,Re
493,3,1,Kontra
493,11,2,Kontra
493,1,3,Re
493,2,4,Re
494,3,1,Kontra
494,11,2,Kontra
494,1,3,Re
494,2,4,Re
495,3,1,Re
495,11,2,Re
495,1,3,Kontra
495,2,4,Kontra
496,2,1,Re
496,14,2,Kontra
496,1,3,Re
496,17,4,Kontra
497,2,1,Re
497,14,2,Kontra
497,1,3,Re
497,17,4,Kontra
498,2,1,Re
498,14,2,Kontra
498,1,3,Re
498,17,4,Kontra
499,2,1,Kontra
499,14,2,Re
499,1,3,Kontra
499,17,4,Re
500,2,1,Kontra
500,14,2,Kontra
500,1,3,Re
500,17,4,Re
501,19,1,Re
501,11,2,Kontra
501,25,3,Kontra
501,2,4,Kontra
502,19,1,Kontra
502,11,2,Re
502,25,3,Kontra
502,2,4,Re
503,19,1,Kontra
503,21,2,Re
503,25,3,Kontra
503,2,4,Re
504,19,1,Re
504,21,2,Kontra
504,25,3,Kontra
504,2,4,Re
505,19,1,Re
505,21,2,Kontra
505,25,3,Re
505,2,4,Kontra
506,2,1,Kontra
506,26,2,Kontra
506,21,3,Re
506,33,4,Re
507,2,1,Kontra
507,26,2,Kontra
507,21,3,Re
507,33,4,Re
508,2,1,Kontra
508,26,2,Kontra
508,21,3,Re
508,33,4,Re
509,2,1,Kontra
509,26,2,Re
509,21,3,Re
509,33,4,Kontra
510,2,1,Re
510,26,2,Kontra
510,21,3,Kontra
510,33,4,Kontra
511,2,1,Re
511,26,2,Re
511,21,3,Kontra
511,33,4,Kontra
512,2,1,Kontra
512,26,2,Re
512,21,3,Kontra
512,33,4,Re
513,2,1,Re
513,26,2,Re
513,21,3,Kontra
513,33,4,Kontra
514,2,1,Kontra
514,26,2,Kontra
514,11,3,Re
514,33,4,Kontra
515,2,1,Re
515,26,2,Kontra
515,11,3,Re
515,33,4,Kontra
516,22,1,Kontra
516,25,2,Re
516,48,3,Kontra
516,16,4,Re
517,22,1,Kontra
517,25,2,Re
517,48,3,Re
517,16,4,Kontra
518,22,1,Re
518,25,2,Re
518,48,3,Kontra
518,16,4,Kontra
519,22,1,Kontra
519,25,2,Kontra
519,48,3,Re
519,16,4,Re
520,21,1,Re
520,2,2,Kontra
520,40,3,Re
520,8,4,Kontra
521,21,1,Kontra
521,2,2,Kontra
521,3,3,Re
521,8,4,Re
522,21,1,Re
522,2,2,Kontra
522,3,3,Kontra
522,8,4,Kontra
523,21,1,Re
523,2,2,Kontra
523,3,3,Kontra
523,8,4,Re
524,21,1,Kontra
524,2,2,Kontra
524,3,3,Re
524,8,4,Re
525,55,1,Re
525,1,2,Kontra
525,12,3,Kontra
525,20,4,Re
526,5,1,Kontra
526,17,2,Re
526,33,3,Kontra
526,46,4,Re
527,5,1,Re
527,17,2,Kontra
527,33,3,Kontra
527,46,4,Re
528,5,1,Kontra
528,17,2,Re
528,33,3,Kontra
528,46,4,Kontra
529,5,1,Kontra
529,65,2,Re
529,33,3,Re
529,46,4,Kontra
530,60,1,Re
530,11,2,Kontra
530,33,3,Kontra
530,46,4,Re
531,11,1,Kontra
531,66,2,Kontra
531,26,3,Re
531,4,4,Re
532,11,1,Re
532,66,2,Kontra
532,26,3,Kontra
532,4,4,Re
533,11,1,Re
533,66,2,Kontra
533,26,3,Kontra
533,4,4,Re
534,14,1,Re
534,4,2,Kontra
534,10,3,Re
534,26,4,Kontra
535,14,1,Kontra
535,4,2,Kontra
535,10,3,Re
535,26,4,Re
536,14,1,Re
536,4,2,Kontra
536,10,3,Kontra
536,26,4,Re
537,14,1,Re
537,4,2,Kontra
537,10,3,Re
537,26,4,Kontra
538,17,1,Kontra
538,3,2,Re
538,14,3,Kontra
538,2,4,Re
539,17,1,Kontra
539,3,2,Re
539,14,3,Kontra
539,2,4,Re
540,35,1,Re
540,55,2,Kontra
540,3,3,Kontra
540,23,4,Kontra
541,35,1,Re
541,55,2,Re
541,3,3,Kontra
541,23,4,Kontra
542,35,1,Re
542,55,2,Kontra
542,3,3,Kontra
542,23,4,Re
543,14,1,Re
543,26,2,Kontra
543,33,3,Kontra
543,1,4,Kontra
544,14,1,Kontra
544,26,2,Re
544,33,3,Re
544,1,4,Kontra
545,14,1,Re
545,26,2,Re
545,33,3,Kontra
545,1,4,Kontra
546,51,1,Re
546,2,2,Kontra
546,26,3,Re
546,33,4,Kontra
547,51,1,Kontra
547,2,2,Re
547,26,3,Re
547,33,4,Kontra
548,51,1,Re
548,2,2,Kontra
548,26,3,Re
548,33,4,Kontra
549,2,1,Kontra
549,17,2,Re
549,3,3,Re
549,21,4,Kontra
550,2,1,Kontra
550,17,2,Re
550,3,3,Kontra
550,21,4,Re
551,11,1,Kontra
551,13,2,Re
551,2,3,Re
551,58,4,Kontra
552,11,1,Kontra
552,13,2,Kontra
552,2,3,Re
552,58,4,Re
553,11,1,Kontra
553,13,2,Kontra
553,2,3,Re
553,58,4,Re
554,49,1,Re
554,2,2,Kontra
554,33,3,Re
554,21,4,Kontra
555,49,1,Re
555,2,2,Kontra
555,33,3,Re
555,11,4,Kontra
556,49,1,Re
556,2,2,Re
556,33,3,Kontra
556,11,4,Kontra
557,49,1,Kontra
557,2,2,Re
557,33,3,Re
557,21,4,Kontra
558,2,1,Re
558,8,2,Kontra
558,21,3,Re
558,14,4,Kontra
559,2,1,Kontra
559,8,2,Kontra
559,21,3,Re
559,14,4,Re
560,58,1,Kontra
560,32,2,Kontra
560,5,3,Kontra
560,17,4,Re
561,58,1,Re
561,32,2,Kontra
561,5,3,Kontra
561,17,4,Re
562,58,1,Re
562,26,2,Kontra
562,5,3,Re
562,17,4,Kontra
563,58,1,Kontra
563,32,2,Re
563,5,3,Kontra
563,17,4,Re
564,58,1,Kontra
564,32,2,Re
564,5,3,Kontra
564,17,4,Kontra
565,2,1,Kontra
565,31,2,Re
565,3,3,Re
565,1,4,Kontra
566,2,1,Kontra
566,31,2,Kontra
566,3,3,Kontra
566,1,4,Re
567,2,1,Re
567,31,2,Kontra
567,3,3,Kontra
567,1,4,Re
568,27,1,Kontra
568,31,2,Re
568,3,3,Kontra
568,1,4,Kontra
569,27,1,Re
569,4,2,Kontra
569,48,3,Kontra
569,1,4,Kontra
570,27,1,Kontra
570,4,2,Re
570,48,3,Kontra
570,1,4,Re
571,27,1,Re
571,4,2,Kontra
571,48,3,Kontra
571,1,4,Re
572,22,1,Re
572,1,2,Kontra
572,33,3,Kontra
572,3,4,Kontra
573,22,1,Kontra
573,1,2,Re
573,33,3,Kontra
573,3,4,Re
574,22,1,Kontra
574,1,2,Re
574,33,3,Kontra
574,3,4,Re
575,22,1,Kontra
575,1,2,Kontra
575,33,3,Re
575,3,4,Re
576,22,1,Kontra
576,1,2,Kontra
576,33,3,Kontra
576,3,4,Re
577,22,1,Re
577,1,2,Kontra
577,33,3,Kontra
577,3,4,Re
578,9,1,Re
578,12,2,Kontra
578,11,3,Re
578,31,4,Kontra
579,9,1,Kontra
579,12,2,Re
579,11,3,Kontra
579,31,4,Re
580,9,1,Re
580,12,2,Kontra
580,11,3,Re
580,31,4,Kontra
581,9,1,Re
581,12,2,Kontra
581,11,3,Kontra
581,31,4,Re
582,9,1,Kontra
582,12,2,Re
582,21,3,Re
582,4,4,Kontra
583,9,1,Kontra
583,12,2,Kontra
583,21,3,Re
583,4,4,Kontra
584,3,1,Re
584,12,2,Re
584,21,3,Kontra
584,4,4,Kontra
585,26,1,Re
585,21,2,Kontra
585,1,3,Re
585,2,4,Kontra
586,26,1,Kontra
586,21,2,Kontra
586,1,3,Re
586,2,4,Kontra
587,26,1,Re
587,21,2,Re
587,1,3,Kontra
587,2,4,Kontra
588,26,1,Re
588,21,2,Kontra
588,1,3,Re
588,2,4,Kontra
589,26,1,Kontra
589,21,2,Kontra
589,1,3,Kontra
589,2,4,Re
590,26,1,Kontra
590,21,2,Kontra
590,1,3,Re
590,2,4,Re
591,26,1,Kontra
591,21,2,Re
591,1,3,Re
591,2,4,Kontra
592,26,1,Kontra
592,11,2,Re
592,1,3,Kontra
592,2,4,Re
593,2,1,Re
593,3,2,Kontra
593,16,3,Re
593,1,4,Kontra
594,2,1,Re
594,3,2,Re
594,16,3,Kontra
594,1,4,Kontra
595,2,1,Kontra
595,3,2,Re
595,16,3,Kontra
595,1,4,Re
596,2,1,Re
596,3,2,Kontra
596,21,3,Kontra
596,1,4,Re
597,2,1,Re
597,3,2,Re
597,21,3,Kontra
597,1,4,Kontra
598,52,1,Kontra
598,61,2,Kontra
598,20,3,Kontra
598,5,4,Re
599,52,1,Re
599,61,2,Kontra
599,20,3,Re
599,5,4,Kontra
600,52,1,Kontra
600,61,2,Re
600,20,3,Re
600,5,4,Kontra
601,61,1,Kontra
601,3,2,Re
601,5,3,Re
601,52,4,Kontra
602,61,1,Kontra
602,3,2,Kontra
602,14,3,Re
602,52,4,Re
603,2,1,Kontra
603,32,2,Re
603,14,3,Re
603,3,4,Kontra
604,2,1,Re
604,32,2,Re
604,14,3,Kontra
604,3,4,Kontra
605,2,1,Kontra
605,32,2,Kontra
605,50,3,Kontra
605,3,4,Re
606,2,1,Re
606,32,2,Kontra
606,50,3,Re
606,3,4,Kontra
607,2,1,Re
607,32,2,Kontra
607,50,3,Re
607,3,4,Kontra
608,2,1,Kontra
608,32,2,Kontra
608,50,3,Re
608,3,4,Kontra
609,2,1,Re
609,33,2,Kontra
609,17,3,Kontra
609,1,4,Re
610,2,1,Kontra
610,33,2,Re
610,17,3,Kontra
610,1,4,Kontra
611,2,1,Re
611,33,2,Kontra
611,17,3,Re
611,1,4,Kontra
612,2,1,Kontra
612,33,2,Re
612,17,3,Re
612,1,4,Kontra
613,2,1,Kontra
613,33,2,Re
613,17,3,Re
613,1,4,Kontra
614,2,1,Re
614,33,2,Kontra
614,17,3,Re
614,1,4,Kontra
615,2,1,Kontra
615,1,2,Re
615,17,3,Kontra
615,33,4,Re
616,2,1,Re
616,1,2,Kontra
616,17,3,Kontra
616,33,4,Re
617,2,1,Kontra
617,1,2,Kontra
617,17,3,Re
617,33,4,Re
618,2,1,Re
618,1,2,Kontra
618,17,3,Kontra
618,33,4,Re
619,5,1,Re
619,32,2,Kontra
619,3,3,Kontra
619,17,4,Kontra
620,5,1,Kontra
620,32,2,Kontra
620,3,3,Re
620,17,4,Kontra
621,5,1,Kontra
621,32,2,Kontra
621,3,3,Re
621,17,4,Re
622,5,1,Kontra
622,32,2,Re
622,3,3,Kontra
622,17,4,Re
623,5,1,Kontra
623,32,2,Re
623,3,3,Re
623,17,4,Kontra
624,5,1,Re
624,32,2,Kontra
624,3,3,Kontra
624,17,4,Re
625,61,1,Kontra
625,2,2,Kontra
625,26,3,Kontra
625,54,4,Re
626,61,1,Re
626,2,2,Kontra
626,26,3,Kontra
626,54,4,Re
627,61,1,Kontra
627,2,2,Re
627,26,3,Kontra
627,17,4,Kontra
628,61,1,Re
628,2,2,Kontra
628,26,3,Re
628,17,4,Kontra
629,61,1,Kontra
629,2,2,Kontra
629,26,3,Re
629,17,4,Re
630,61,1,Kontra
630,2,2,Re
630,26,3,Kontra
630,17,4,Re
631,2,1,Re
631,25,2,Kontra
631,3,3,Re
631,17,4,Kontra
632,2,1,Kontra
632,25,2,Re
632,3,3,Kontra
632,17,4,Re
633,2,1,Re
633,25,2,Kontra
633,3,3,Kontra
633,17,4,Re
634,2,1,Re
634,25,2,Kontra
634,3,3,Re
634,17,4,Kontra
635,2,1,Re
635,25,2,Re
635,3,3,Kontra
635,17,4,Kontra
636,2,1,Re
636,25,2,Kontra
636,3,3,Re
636,17,4,Kontra
637,25,1,Re
637,2,2,Kontra
637,19,3,Re
637,3,4,Kontra
638,1,1,Kontra
638,2,2,Kontra
638,26,3,Re
638,33,4,Re
639,1,1,Kontra
639,2,2,Kontra
639,26,3,Re
639,33,4,Re
640,22,1,Kontra
640,19,2,Kontra
640,1,3,Kontra
640,14,4,Re
641,22,1,Kontra
641,19,2,Re
641,1,3,Kontra
641,14,4,Re
642,22,1,Re
642,19,2,Kontra
642,1,3,Re
642,14,4,Kontra
643,22,1,Re
643,19,2,Re
643,1,3,Kontra
643,14,4,Kontra
644,22,1,Re
644,19,2,Kontra
644,1,3,Kontra
644,14,4,Re
645,5,1,Re
645,32,2,Re
645,4,3,Kontra
645,54,4,Kontra
646,5,1,Kontra
646,32,2,Re
646,4,3,Kontra
646,54,4,Re
647,5,1,Re
647,32,2,Kontra
647,4,3,Kontra
647,54,4,Kontra
648,5,1,Re
648,32,2,Kontra
648,4,3,Kontra
648,54,4,Re
649,26,1,Re
649,4,2,Re
649,33,3,Kontra
649,1,4,Kontra
650,40,1,Kontra
650,25,2,Re
650,4,3,Kontra
650,2,4,Kontra
651,40,1,Kontra
651,25,2,Re
651,4,3,Re
651,2,4,Kontra
652,40,1,Kontra
652,25,2,Re
652,4,3,Kontra
652,2,4,Kontra
653,40,1,Re
653,25,2,Kontra
653,4,3,Kontra
653,2,4,Re
654,40,1,Re
654,25,2,Kontra
654,4,3,Kontra
654,2,4,Re
655,40,1,Kontra
655,25,2,Kontra
655,4,3,Kontra
655,2,4,Re
656,25,1,Kontra
656,22,2,Re
656,3,3,Kontra
656,26,4,Re
657,25,1,Kontra
657,22,2,Kontra
657,3,3,Re
657,26,4,Re
658,25,1,Re
658,22,2,Kontra
658,3,3,Kontra
658,26,4,Kontra
659,25,1,Kontra
659,22,2,Re
659,3,3,Kontra
659,26,4,Kontra
660,25,1,Re
660,22,2,Kontra
660,3,3,Re
660,26,4,Kontra
661,25,1,Re
661,22,2,Re
661,3,3,Kontra
661,26,4,Kontra
662,25,1,Kontra
662,22,2,Kontra
662,3,3,Re
662,26,4,Re
663,2,1,Re
663,3,2,Re
663,1,3,Kontra
663,17,4,Kontra
664,2,1,Re
664,3,2,Kontra
664,1,3,Re
664,17,4,Kontra
665,2,1,Re
665,3,2,Re
665,1,3,Kontra
665,17,4,Kontra
666,2,1,Kontra
666,3,2,Kontra
666,1,3,Re
666,17,4,Re
667,2,1,Re
667,58,2,Kontra
667,26,3,Kontra
667,1,4,Re
668,2,1,Re
668,58,2,Kontra
668,26,3,Kontra
668,1,4,Re
669,2,1,Kontra
669,58,2,Kontra
669,26,3,Re
669,1,4,Re
670,2,1,Re
670,58,2,Re
670,26,3,Kontra
670,1,4,Kontra
671,2,1,Re
671,33,2,Kontra
671,1,3,Re
671,26,4,Kontra
672,2,1,Kontra
672,33,2,Re
672,1,3,Re
672,26,4,Kontra
673,57,1,Re
673,33,2,Kontra
673,1,3,Kontra
673,46,4,Re
674,57,1,Kontra
674,33,2,Kontra
674,1,3,Re
674,46,4,Re
675,23,1,Kontra
675,33,2,Re
675,3,3,Re
675,46,4,Kontra
676,2,1,Re
676,33,2,Kontra
676,3,3,Kontra
676,46,4,Kontra
677,4,1,Re
677,3,2,Kontra
677,2,3,Kontra
677,33,4,Kontra
678,4,1,Kontra
678,3,2,Re
678,2,3,Kontra
678,33,4,Re
679,4,1,Re
679,3,2,Re
679,2,3,Kontra
679,33,4,Kontra
680,4,1,Kontra
680,3,2,Re
680,2,3,Kontra
680,33,4,Kontra
681,4,1,Kontra
681,3,2,Kontra
681,2,3,Re
681,33,4,Re
682,4,1,Re
682,3,2,Re
682,2,3,Kontra
682,33,4,Kontra
683,4,1,Kontra
683,3,2,Re
683,2,3,Re
683,33,4,Kontra
684,4,1,Re
684,3,2,Kontra
684,2,3,Kontra
684,33,4,Re
685,4,1,Re
685,3,2,Kontra
685,2,3,Kontra
685,33,4,Re
686,4,1,Kontra
686,3,2,Re
686,2,3,Re
686,33,4,Kontra
687,4,1,Kontra
687,3,2,Re
687,2,3,Re
687,33,4,Kontra
688,4,1,Kontra
688,3,2,Re
688,2,3,Re
688,33,4,Kontra
689,4,1,Kontra
689,3,2,Re
689,2,3,Re
689,33,4,Kontra
690,4,1,Re
690,3,2,Kontra
690,2,3,Kontra
690,33,4,Re
691,4,1,Re
691,3,2,Re
691,2,3,Kontra
691,33,4,Kontra
692,1,1,Re
692,5,2,Kontra
692,17,3,Re
692,3,4,Kontra
693,1,1,Re
693,5,2,Kontra
693,17,3,Re
693,3,4,Kontra
694,1,1,Re
694,5,2,Kontra
694,17,3,Kontra
694,3,4,Re
695,1,1,Kontra
695,5,2,Kontra
695,17,3,Re
695,3,4,Re
696,1,1,Kontra
696,5,2,Kontra
696,17,3,Re
696,3,4,Re
697,26,1,Re
697,1,2,Re
697,14,3,Kontra
697,3,4,Kontra
698,26,1,Re
698,1,2,Kontra
698,14,3,Re
698,3,4,Kontra
699,26,1,Kontra
699,1,2,Kontra
699,14,3,Re
699,3,4,Re
700,26,1,Kontra
700,1,2,Kontra
700,14,3,Re
700,3,4,Kontra
701,26,1,Kontra
701,1,2,Re
701,14,3,Kontra
701,3,4,Re
702,2,1,Kontra
702,14,2,Kontra
702,26,3,Kontra
702,3,4,Re
703,2,1,Kontra
703,14,2,Kontra
703,26,3,Re
703,3,4,Re
704,2,1,Re
704,14,2,Kontra
704,26,3,Kontra
704,3,4,Kontra
705,2,1,Kontra
705,14,2,Re
705,26,3,Re
705,3,4,Kontra
706,4,1,Kontra
706,2,2,Re
706,1,3,Re
706,3,4,Kontra
707,4,1,Re
707,2,2,Kontra
707,1,3,Re
707,3,4,Kontra
708,4,1,Kontra
708,2,2,Re
708,1,3,Kontra
708,3,4,Kontra
709,4,1,Kontra
709,2,2,Re
709,25,3,Kontra
709,3,4,Re
710,4,1,Kontra
710,2,2,Kontra
710,25,3,Re
710,3,4,Kontra
711,4,1,Re
711,14,2,Kontra
711,1,3,Re
711,3,4,Kontra
712,4,1,Kontra
712,14,2,Re
712,1,3,Kontra
712,3,4,Re
713,4,1,Kontra
713,14,2,Kontra
713,1,3,Re
713,3,4,Kontra
714,4,1,Re
714,14,2,Kontra
714,1,3,Kontra
714,3,4,Kontra
715,4,1,Kontra
715,14,2,Re
715,1,3,Kontra
715,3,4,Re
716,4,1,Kontra
716,14,2,Re
716,1,3,Kontra
716,3,4,Re
717,4,1,Kontra
717,14,2,Kontra
717,1,3,Re
717,3,4,Re
718,4,1,Kontra
718,14,2,Re
718,1,3,Kontra
718,3,4,Re
719,4,1,Re
719,14,2,Kontra
719,1,3,Kontra
719,3,4,Re
720,4,1,Kontra
720,14,2,Re
720,1,3,Kontra
720,3,4,Re
721,4,1,Kontra
721,14,2,Re
721,1,3,Kontra
721,3,4,Re
722,4,1,Re
722,14,2,Kontra
722,1,3,Kontra
722,3,4,Re
723,4,1,Kontra
723,14,2,Re
723,1,3,Kontra
723,3,4,Re
724,4,1,Kontra
724,14,2,Re
724,1,3,Kontra
724,3,4,Re
725,4,1,Re
725,14,2,Kontra
725,1,3,Re
725,3,4,Kontra
726,2,1,Kontra
726,1,2,Re
726,3,3,Re
726,21,4,Kontra
727,2,1,Re
727,1,2,Kontra
727,3,3,Kontra
727,21,4,Kontra
728,2,1,Kontra
728,1,2,Kontra
728,3,3,Re
728,21,4,Kontra
729,2,1,Re
729,1,2,Kontra
729,3,3,Re
729,21,4,Kontra
730,2,1,Kontra
730,1,2,Kontra
730,3,3,Re
730,21,4,Re
731,26,1,Kontra
731,1,2,Re
731,4,3,Re
731,2,4,Kontra
732,26,1,Re
732,1,2,Re
732,4,3,Kontra
732,2,4,Kontra
733,2,1,Kontra
733,26,2,Re
733,17,3,Kontra
733,21,4,Re
734,2,1,Kontra
734,26,2,Kontra
734,17,3,Re
734,21,4,Re
735,2,1,Re
735,26,2,Kontra
735,17,3,Kontra
735,21,4,Re
736,2,1,Kontra
736,26,2,Re
736,17,3,Re
736,21,4,Kontra
737,2,1,Re
737,26,2,Kontra
737,17,3,Kontra
737,21,4,Kontra
738,2,1,Re
738,26,2,Re
738,17,3,Kontra
738,21,4,Kontra
739,2,1,Re
739,26,2,Re
739,17,3,Kontra
739,21,4,Kontra
740,14,1,Re
740,11,2,Re
740,12,3,Kontra
740,1,4,Kontra
741,17,1,Kontra
741,21,2,Kontra
741,12,3,Re
741,1,4,Re
742,17,1,Kontra
742,21,2,Re
742,12,3,Kontra
742,1,4,Re
743,17,1,Re
743,21,2,Kontra
743,12,3,Kontra
743,1,4,Re
744,17,1,Kontra
744,21,2,Re
744,12,3,Kontra
744,1,4,Kontra
745,17,1,Re
745,21,2,Kontra
745,12,3,Re
745,1,4,Kontra
746,17,1,Kontra
746,21,2,Re
746,12,3,Re
746,1,4,Kontra
747,17,1,Re
747,21,2,Kontra
747,12,3,Kontra
747,1,4,Re
748,2,1,Kontra
748,17,2,Kontra
748,21,3,Re
748,1,4,Re
749,2,1,Kontra
749,17,2,Re
749,21,3,Kontra
749,1,4,Re
750,2,1,Kontra
750,17,2,Kontra
750,21,3,Re
750,1,4,Kontra
751,2,1,Kontra
751,17,2,Kontra
751,21,3,Re
751,1,4,Re
752,2,1,Re
752,17,2,Kontra
752,21,3,Re
752,1,4,Kontra
753,2,1,Re
753,17,2,Re
753,21,3,Kontra
753,1,4,Kontra
754,2,1,Kontra
754,17,2,Kontra
754,21,3,Re
754,1,4,Re
755,2,1,Kontra
755,17,2,Re
755,21,3,Kontra
755,1,4,Kontra
756,2,1,Re
756,17,2,Kontra
756,21,3,Kontra
756,1,4,Re
757,2,1,Kontra
757,17,2,Kontra
757,21,3,Re
757,1,4,Re
758,2,1,Kontra
758,17,2,Kontra
758,21,3,Re
758,1,4,Re
759,2,1,Re
759,17,2,Kontra
759,21,3,Re
759,1,4,Kontra
760,2,1,Kontra
760,17,2,Kontra
760,21,3,Re
760,1,4,Re
761,2,1,Re
761,17,2,Re
761,21,3,Kontra
761,1,4,Kontra
762,2,1,Kontra
762,17,2,Re
762,21,3,Kontra
762,1,4,Re
763,2,1,Kontra
763,14,2,Re
763,33,3,Kontra
763,32,4,Re
764,2,1,Re
764,14,2,Re
764,33,3,Kontra
764,32,4,Kontra
765,2,1,Kontra
765,14,2,Re
765,33,3,Re
765,32,4,Kontra
766,2,1,Re
766,26,2,Kontra
766,33,3,Kontra
766,1,4,Kontra
767,2,1,Kontra
767,26,2,Kontra
767,33,3,Kontra
767,1,4,Re
768,1,1,Kontra
768,11,2,Kontra
768,2,3,Kontra
768,63,4,Re
769,1,1,Re
769,11,2,Kontra
769,2,3,Re
769,63,4,Kontra
770,1,1,Re
770,11,2,Kontra
770,2,3,Kontra
770,63,4,Kontra
771,1,1,Kontra
771,11,2,Re
771,2,3,Re
771,63,4,Re
772,1,1,Kontra
772,11,2,Kontra
772,2,3,Re
772,63,4,Re
773,11,1,Kontra
773,26,2,Re
773,1,3,Kontra
773,2,4,Re
774,11,1,Re
774,26,2,Kontra
774,1,3,Kontra
774,2,4,Re
775,11,1,Re
775,26,2,Kontra
775,1,3,Re
775,2,4,Kontra
776,11,1,Re
776,26,2,Kontra
776,1,3,Re
776,2,4,Kontra
777,11,1,Re
777,26,2,Kontra
777,1,3,Re
777,2,4,Kontra
778,17,1,Re
778,21,2,Kontra
778,2,3,Re
778,1,4,Kontra
779,17,1,Re
779,21,2,Re
779,2,3,Kontra
779,1,4,Kontra
780,17,1,Re
780,21,2,Kontra
780,2,3,Kontra
780,1,4,Re
781,17,1,Re
781,21,2,Kontra
781,2,3,Re
781,1,4,Kontra
782,17,1,Re
782,21,2,Re
782,2,3,Kontra
782,1,4,Kontra
783,17,1,Kontra
783,21,2,Kontra
783,2,3,Kontra
783,1,4,Re
784,21,1,Kontra
784,2,2,Re
784,1,3,Re
784,17,4,Kontra
785,21,1,Re
785,4,2,Kontra
785,26,3,Kontra
785,8,4,Re
786,21,1,Re
786,4,2,Kontra
786,26,3,Kontra
786,8,4,Re
787,21,1,Kontra
787,4,2,Kontra
787,26,3,Re
787,8,4,Kontra
788,21,1,Re
788,4,2,Kontra
788,26,3,Re
788,8,4,Kontra
789,21,1,Re
789,4,2,Kontra
789,26,3,Re
789,8,4,Kontra
790,32,1,Kontra
790,17,2,Kontra
790,21,3,Re
790,4,4,Re
791,32,1,Kontra
791,17,2,Kontra
791,21,3,Kontra
791,4,4,Re
792,32,1,Re
792,17,2,Kontra
792,21,3,Re
792,4,4,Kontra
793,32,1,Re
793,17,2,Kontra
793,21,3,Kontra
793,4,4,Re
794,32,1,Re
794,17,2,Kontra
794,21,3,Kontra
794,4,4,Re
795,32,1,Kontra
795,17,2,Re
795,21,3,Kontra
795,4,4,Kontra
796,32,1,Kontra
796,17,2,Kontra
796,21,3,Re
796,4,4,Kontra
797,32,1,Kontra
797,17,2,Kontra
797,21,3,Re
797,4,4,Re
798,32,1,Kontra
798,17,2,Re
798,21,3,Kontra
798,4,4,Re
799,32,1,Kontra
799,17,2,Kontra
799,21,3,Re
799,4,4,Re
800,32,1,Kontra
800,17,2,Re
800,21,3,Re
800,4,4,Kontra
801,32,1,Kontra
801,17,2,Kontra
801,21,3,Re
801,4,4,Re
802,32,1,Re
802,17,2,Kontra
802,21,3,Re
802,4,4,Kontra
803,1,1,Re
803,48,2,Kontra
803,31,3,Re
803,21,4,Kontra
804,1,1,Kontra
804,48,2,Kontra
804,31,3,Re
804,21,4,Re
805,1,1,Kontra
805,48,2,Re
805,31,3,Kontra
805,21,4,Re
806,1,1,Re
806,48,2,Re
806,31,3,Kontra
806,21,4,Kontra
807,1,1,Kontra
807,48,2,Kontra
807,31,3,Re
807,21,4,Re
808,49,1,Kontra
808,25,2,Re
808,17,3,Kontra
808,21,4,Re
809,46,1,Re
809,67,2,Kontra
809,25,3,Kontra
809,11,4,Kontra
810,4,1,Kontra
810,3,2,Re
810,25,3,Kontra
810,11,4,Re
811,46,1,Re
811,3,2,Re
811,25,3,Kontra
811,11,4,Kontra
812,3,1,Re
812,47,2,Re
812,21,3,Kontra
812,8,4,Kontra
813,3,1,Kontra
813,47,2,Kontra
813,21,3,Re
813,8,4,Kontra
814,3,1,Re
814,47,2,Re
814,21,3,Kontra
814,8,4,Kontra
815,3,1,Kontra
815,47,2,Kontra
815,21,3,Re
815,8,4,Re
816,3,1,Re
816,47,2,Kontra
816,21,3,Kontra
816,8,4,Re
817,3,1,Re
817,47,2,Re
817,21,3,Kontra
817,8,4,Kontra
818,3,1,Re
818,47,2,Kontra
818,21,3,Kontra
818,8,4,Re
819,3,1,Re
819,47,2,Re
819,21,3,Kontra
819,8,4,Kontra
820,3,1,Kontra
820,47,2,Kontra
820,21,3,Kontra
820,8,4,Re
821,3,1,Kontra
821,47,2,Kontra
821,21,3,Re
821,8,4,Re
822,3,1,Kontra
822,47,2,Re
822,21,3,Kontra
822,8,4,Re
823,3,1,Kontra
823,47,2,Re
823,21,3,Re
823,8,4,Kontra
824,3,1,Kontra
824,47,2,Kontra
824,21,3,Re
824,8,4,Re
825,3,1,Kontra
825,47,2,Re
825,21,3,Re
825,8,4,Kontra
826,3,1,Re
826,47,2,Kontra
826,21,3,Kontra
826,8,4,Kontra
827,3,1,Kontra
827,47,2,Re
827,21,3,Kontra
827,8,4,Re
828,3,1,Re
828,47,2,Kontra
828,21,3,Re
828,8,4,Kontra
829,3,1,Kontra
829,26,2,Re
829,21,3,Re
829,8,4,Kontra
830,1,1,Kontra
830,11,2,Kontra
830,4,3,Re
830,2,4,Re
831,1,1,Re
831,11,2,Kontra
831,4,3,Re
831,2,4,Kontra
832,1,1,Kontra
832,11,2,Kontra
832,4,3,Re
832,2,4,Re
833,1,1,Re
833,11,2,Kontra
833,4,3,Kontra
833,2,4,Re
834,1,1,Kontra
834,11,2,Re
834,4,3,Kontra
834,2,4,Re
835,1,1,Re
835,11,2,Kontra
835,4,3,Re
835,2,4,Kontra
836,1,1,Kontra
836,11,2,Re
836,4,3,Re
836,2,4,Kontra
837,1,1,Re
837,11,2,Re
837,4,3,Re
837,2,4,Kontra
838,1,1,Kontra
838,57,2,Kontra
838,4,3,Kontra
838,11,4,Re
839,1,1,Kontra
839,57,2,Re
839,4,3,Kontra
839,11,4,Kontra
840,1,1,Kontra
840,57,2,Re
840,4,3,Re
840,11,4,Kontra
841,1,1,Kontra
841,57,2,Re
841,4,3,Kontra
841,11,4,Re
842,1,1,Kontra
842,57,2,Re
842,4,3,Kontra
842,11,4,Kontra
843,1,1,Kontra
843,57,2,Re
843,4,3,Re
843,11,4,Kontra
844,2,1,Re
844,26,2,Re
844,50,3,Kontra
844,3,4,Kontra
845,2,1,Re
845,26,2,Kontra
845,50,3,Re
845,3,4,Kontra
846,1,1,Re
846,33,2,Kontra
846,2,3,Kontra
846,3,4,Kontra
847,1,1,Kontra
847,33,2,Kontra
847,2,3,Re
847,3,4,Kontra
848,1,1,Re
848,33,2,Re
848,2,3,Kontra
848,3,4,Kontra
849,1,1,Re
849,33,2,Re
849,2,3,Kontra
849,3,4,Kontra
850,1,1,Kontra
850,33,2,Re
850,2,3,Kontra
850,3,4,Re
851,1,1,Re
851,33,2,Re
851,2,3,Kontra
851,3,4,Kontra
852,1,1,Kontra
852,33,2,Kontra
852,2,3,Re
852,3,4,Re
853,1,1,Re
853,34,2,Re
853,33,3,Kontra
853,3,4,Kontra
854,1,1,Kontra
854,34,2,Re
854,33,3,Re
854,3,4,Kontra
855,1,1,Kontra
855,34,2,Re
855,33,3,Kontra
855,3,4,Kontra
856,1,1,Kontra
856,34,2,Kontra
856,33,3,Re
856,3,4,Re
857,1,1,Kontra
857,34,2,Re
857,33,3,Kontra
857,3,4,Re
858,1,1,Kontra
858,34,2,Re
858,33,3,Re
858,3,4,Kontra
859,1,1,Kontra
859,33,2,Re
859,17,3,Kontra
859,3,4,Re
860,1,1,Re
860,33,2,Re
860,17,3,Kontra
860,3,4,Kontra
861,1,1,Re
861,33,2,Re
861,17,3,Kontra
861,3,4,Kontra
862,1,1,Kontra
862,33,2,Re
862,17,3,Re
862,3,4,Kontra
863,1,1,Re
863,33,2,Kontra
863,17,3,Kontra
863,3,4,Re
864,23,1,Kontra
864,11,2,Re
864,68,3,Kontra
864,20,4,Re
865,23,1,Kontra
865,11,2,Re
865,68,3,Re
865,20,4,Kontra
866,23,1,Re
866,11,2,Kontra
866,14,3,Re
866,20,4,Kontra
867,23,1,Re
867,11,2,Re
867,14,3,Kontra
867,20,4,Kontra
868,2,1,Re
868,21,2,Kontra
868,17,3,Kontra
868,32,4,Re
869,2,1,Kontra
869,21,2,Kontra
869,17,3,Kontra
869,32,4,Re
870,2,1,Re
870,21,2,Kontra
870,17,3,Kontra
870,32,4,Kontra
871,2,1,Kontra
871,21,2,Kontra
871,17,3,Re
871,32,4,Re
872,2,1,Re
872,21,2,Kontra
872,17,3,Re
872,32,4,Kontra
873,11,1,Re
873,25,2,Kontra
873,26,3,Kontra
873,2,4,Re
874,11,1,Kontra
874,1,2,Re
874,26,3,Re
874,2,4,Kontra
875,11,1,Kontra
875,1,2,Kontra
875,26,3,Re
875,2,4,Kontra
876,11,1,Kontra
876,1,2,Re
876,26,3,Kontra
876,2,4,Re
877,17,1,Kontra
877,4,2,Re
877,1,3,Re
877,2,4,Kontra
878,11,1,Kontra
878,4,2,Kontra
878,1,3,Re
878,2,4,Re
879,11,1,Re
879,4,2,Kontra
879,1,3,Re
879,2,4,Kontra
880,11,1,Re
880,4,2,Re
880,56,3,Kontra
880,2,4,Kontra
881,11,1,Re
881,4,2,Kontra
881,56,3,Kontra
881,2,4,Re
882,11,1,Kontra
882,4,2,Re
882,1,3,Kontra
882,2,4,Kontra
883,11,1,Kontra
883,4,2,Re
883,1,3,Kontra
883,2,4,Re
884,26,1,Re
884,3,2,Kontra
884,21,3,Re
884,1,4,Kontra
885,12,1,Re
885,49,2,Re
885,11,3,Kontra
885,1,4,Kontra
886,12,1,Kontra
886,49,2,Re
886,11,3,Kontra
886,1,4,Re
887,12,1,Re
887,49,2,Kontra
887,11,3,Kontra
887,1,4,Re
888,12,1,Re
888,49,2,Kontra
888,11,3,Re
888,1,4,Kontra
889,2,1,Kontra
889,1,2,Re
889,26,3,Kontra
889,11,4,Re
890,2,1,Re
890,1,2,Re
890,26,3,Kontra
890,11,4,Kontra
891,2,1,Re
891,1,2,Kontra
891,26,3,Kontra
891,11,4,Kontra
892,14,1,Re
892,1,2,Re
892,33,3,Kontra
892,3,4,Kontra
893,34,1,Re
893,3,2,Re
893,26,3,Kontra
893,21,4,Kontra
894,2,1,Kontra
894,3,2,Re
894,26,3,Kontra
894,11,4,Re
895,34,1,Kontra
895,26,2,Kontra
895,1,3,Re
895,21,4,Re
896,2,1,Kontra
896,1,2,Re
896,21,3,Re
896,17,4,Kontra
897,2,1,Kontra
897,1,2,Kontra
897,21,3,Re
897,17,4,Re
898,2,1,Kontra
898,1,2,Kontra
898,21,3,Re
898,17,4,Kontra
899,14,1,Re
899,26,2,Kontra
899,33,3,Kontra
899,3,4,Re
900,55,1,Kontra
900,32,2,Kontra
900,35,3,Re
900,57,4,Re
901,55,1,Kontra
901,32,2,Re
901,21,3,Kontra
901,57,4,Kontra
902,55,1,Kontra
902,32,2,Re
902,21,3,Re
902,57,4,Kontra
903,2,1,Re
903,13,2,Kontra
903,1,3,Re
903,21,4,Kontra
904,2,1,Kontra
904,13,2,Re
904,1,3,Kontra
904,21,4,Re
905,2,1,Re
905,13,2,Kontra
905,1,3,Kontra
905,21,4,Re
906,2,1,Kontra
906,13,2,Kontra
906,1,3,Re
906,21,4,Kontra
907,2,1,Kontra
907,13,2,Kontra
907,1,3,Re
907,21,4,Re
908,50,1,Re
908,2,2,Re
908,52,3,Kontra
908,6,4,Kontra
909,33,1,Re
909,2,2,Kontra
909,52,3,Kontra
909,6,4,Re
910,33,1,Kontra
910,2,2,Re
910,52,3,Kontra
910,6,4,Kontra
911,21,1,Kontra
911,2,2,Kontra
911,52,3,Re
911,3,4,Kontra
912,21,1,Re
912,2,2,Kontra
912,52,3,Kontra
912,3,4,Re
913,21,1,Re
913,2,2,Kontra
913,52,3,Kontra
913,3,4,Re
914,2,1,Re
914,17,2,Re
914,1,3,Kontra
914,3,4,Kontra
915,2,1,Re
915,17,2,Re
915,1,3,Kontra
915,3,4,Kontra
916,3,1,Kontra
916,52,2,Re
916,1,3,Kontra
916,2,4,Re
917,3,1,Re
917,52,2,Kontra
917,1,3,Re
917,2,4,Kontra
918,17,1,Kontra
918,26,2,Re
918,1,3,Re
918,2,4,Kontra
919,17,1,Kontra
919,26,2,Kontra
919,1,3,Kontra
919,2,4,Re
920,17,1,Re
920,26,2,Kontra
920,1,3,Kontra
920,2,4,Re
921,17,1,Re
921,26,2,Kontra
921,1,3,Kontra
921,2,4,Re
922,2,1,Re
922,1,2,Kontra
922,17,3,Kontra
922,21,4,Re
923,2,1,Re
923,1,2,Re
923,17,3,Kontra
923,21,4,Kontra
924,2,1,Kontra
924,1,2,Kontra
924,17,3,Kontra
924,21,4,Re
925,2,1,Re
925,1,2,Re
925,17,3,Kontra
925,21,4,Kontra
926,17,1,Kontra
926,26,2,Re
926,1,3,Re
926,2,4,Kontra
927,17,1,Kontra
927,26,2,Re
927,1,3,Kontra
927,2,4,Re
928,17,1,Re
928,26,2,Kontra
928,1,3,Re
928,2,4,Kontra
929,17,1,Re
929,26,2,Kontra
929,1,3,Kontra
929,2,4,Kontra
930,14,1,Re
930,1,2,Kontra
930,17,3,Re
930,3,4,Kontra
931,14,1,Kontra
931,1,2,Re
931,17,3,Re
931,3,4,Kontra
932,14,1,Kontra
932,1,2,Kontra
932,17,3,Re
932,3,4,Re
933,14,1,Re
933,1,2,Kontra
933,17,3,Kontra
933,3,4,Kontra
934,50,1,Kontra
934,12,2,Kontra
934,11,3,Re
934,9,4,Re
935,50,1,Kontra
935,12,2,Re
935,11,3,Re
935,9,4,Re
936,50,1,Re
936,12,2,Re
936,11,3,Kontra
936,9,4,Kontra
937,50,1,Re
937,12,2,Re
937,11,3,Kontra
937,9,4,Kontra
938,17,1,Re
938,21,2,Kontra
938,50,3,Re
938,1,4,Kontra
939,17,1,Re
939,21,2,Re
939,14,3,Kontra
939,33,4,Kontra
940,17,1,Re
940,21,2,Kontra
940,14,3,Re
940,33,4,Kontra
941,33,1,Re
941,17,2,Re
941,21,3,Kontra
941,14,4,Kontra
942,2,1,Re
942,3,2,Kontra
942,17,3,Re
942,1,4,Kontra
943,2,1,Re
943,3,2,Kontra
943,17,3,Re
943,1,4,Kontra
944,2,1,Kontra
944,3,2,Re
944,17,3,Kontra
944,1,4,Re
945,2,1,Re
945,3,2,Re
945,17,3,Kontra
945,1,4,Kontra
946,12,1,Kontra
946,20,2,Re
946,11,3,Re
946,25,4,Kontra
947,12,1,Re
947,20,2,Kontra
947,11,3,Kontra
947,25,4,Re
948,17,1,Re
948,1,2,Kontra
948,5,3,Kontra
948,3,4,Re
949,17,1,Kontra
949,1,2,Re
949,5,3,Re
949,3,4,Kontra
950,17,1,Kontra
950,1,2,Kontra
950,5,3,Re
950,3,4,Re
951,17,1,Kontra
951,1,2,Kontra
951,5,3,Re
951,3,4,Re
